0,1,2,3,4
-10.7101,-1.88606,4.37327,1.45192,-1.03437
-10.7101,-1.88606,4.37327,1.45192,-1.03437
-10.7101,-1.88606,4.37327,1.45192,-1.03437
-10.7101,-1.88606,4.37327,1.45192,-1.03437
-10.7101,-1.88606,4.37327,1.45192,-1.03437
-10.7101,-1.88606,4.37327,1.45192,-1.03437
-10.7101,-1.88606,4.37327,1.45192,-1.03437
-10.7101,-1.88606,4.37327,1.45192,-1.03437
-10.7101,-1.88606,4.37327,1.45192,-1.03437
-10.7101,-1.88606,4.37327,1.45192,-1.03437
-10.7101,-1.88606,4.37327,1.45192,-1.03437
-10.7101,-1.88606,4.37327,1.45192,-1.03437
-10.7101,-1.88606,4.37327,1.45192,-1.03437
-10.7101,-1.88606,4.37327,1.45192,-1.03437
-10.7101,-1.88606,4.37327,1.45192,-1.03437
-10.7101,-1.88606,4.37327,1.45192,-1.03437
-10.7101,-1.88606,4.37327,1.45192,-1.03437
-10.7101,-1.88606,4.37327,1.45192,-1.03437
-10.7101,-1.88606,4.37327,1.45192,-1.03437
-10.7101,-1.88606,4.37327,1.45192,-1.03437
-10.7101,-1.88606,4.37327,1.45192,-1.03437
-10.7101,-1.88606,4.37327,1.45192,-1.03437
-10.7101,-1.88606,4.37327,1.45192,-1.03437
-10.7101,-1.88606,4.37327,1.45192,-1.03437
-10.7101,-1.88606,4.37327,1.45192,-1.03437
-10.7101,-1.88606,4.37327,1.45192,-1.03437
-10.7101,-1.88606,4.37327,1.45192,-1.03437
-10.7101,-1.88606,4.37327,1.45192,-1.03437
-10.7101,-1.88606,4.37327,1.45192,-1.03437
-10.7101,-1.88606,4.37327,1.45192,-1.03437
-10.7101,-1.88606,4.37327,1.45192,-1.03437
-10.7101,-1.88606,4.37327,1.45192,-1.03437
-10.7101,-1.88606,4.37327,1.45192,-1.03437
-10.7101,-1.88606,4.37327,1.45192,-1.03437
-10.7101,-1.88606,4.37327,1.45192,-1.03437
-10.7101,-1.88606,4.37327,1.45192,-1.03437
-10.7101,-1.88606,4.37327,1.45192,-1.03437
-10.7101,-1.88606,4.37327,1.45192,-1.03437
-10.7101,-1.88606,4.37327,1.45192,-1.03437
-10.7101,-1.88606,4.37327,1.45192,-1.03437
-10.7101,-1.88606,4.37327,1.45192,-1.03437
-10.7101,-1.88606,4.37327,1.45192,-1.03437
-10.7101,-1.88606,4.37327,1.45192,-1.03437
-10.7101,-1.88606,4.37327,1.45192,-1.03437
-10.7101,-1.88606,4.37327,1.45192,-1.03437
-10.7101,-1.88606,4.37327,1.45192,-1.03437
-10.7101,-1.88606,4.37327,1.45192,-1.03437
-10.7101,-1.88606,4.37327,1.45192,-1.03437
-10.7101,-1.88606,4.37327,1.45192,-1.03437
-10.7101,-1.88606,4.37327,1.45192,-1.03437
-10.7101,-1.88606,4.37327,1.45192,-1.03437
-10.7101,-1.88606,4.37327,1.45192,-1.03437
-10.7101,-1.88606,4.37327,1.45192,-1.03437
-10.7101,-1.88606,4.37327,1.45192,-1.03437
-10.7101,-1.88606,4.37327,1.45192,-1.03437
-10.7101,-1.88606,4.37327,1.45192,-1.03437
-10.7101,-1.88606,4.37327,1.45192,-1.03437
-10.7101,-1.88606,4.37327,1.45192,-1.03437
-10.7101,-1.88606,4.37327,1.45192,-1.03437
-10.7101,-1.88606,4.37327,1.45192,-1.03437
-10.7101,-1.88606,4.37327,1.45192,-1.03437
-10.7101,-1.88606,4.37327,1.45192,-1.03437
-10.7101,-1.88606,4.37327,1.45192,-1.03437
-10.7101,-1.88606,4.37327,1.45192,-1.03437
-10.7101,-1.88606,4.37327,1.45192,-1.03437
-10.7101,-1.88606,4.37327,1.45192,-1.03437
-10.7101,-1.88606,4.37327,1.45192,-1.03437
-10.7101,-1.88606,4.37327,1.45192,-1.03437
-10.7101,-1.88606,4.37327,1.45192,-1.03437
-10.7101,-1.88606,4.37327,1.45192,-1.03437
-10.7101,-1.88606,4.37327,1.45192,-1.03437
-10.7101,-1.88606,4.37327,1.45192,-1.03437
-10.7101,-1.88606,4.37327,1.45192,-1.03437
-10.7101,-1.88606,4.37327,1.45192,-1.03437
-10.7101,-1.88606,4.37327,1.45192,-1.03437
-10.7101,-1.88606,4.37327,1.45192,-1.03437
-10.7101,-1.88606,4.37327,1.45192,-1.03437
-10.7101,-1.88606,4.37327,1.45192,-1.03437
-10.7101,-1.88606,4.37327,1.45192,-1.03437
-10.7101,-1.88606,4.37327,1.45192,-1.03437
-10.7101,-1.88606,4.37327,1.45192,-1.03437
-10.7101,-1.88606,4.37327,1.45192,-1.03437
-10.7101,-1.88606,4.37327,1.45192,-1.03437
-10.7101,-1.88606,4.37327,1.45192,-1.03437
-10.7101,-1.88606,4.37327,1.45192,-1.03437
-10.7101,-1.88606,4.37327,1.45192,-1.03437
-10.7101,-1.88606,4.37327,1.45192,-1.03437
-10.7101,-1.88606,4.37327,1.45192,-1.03437
-10.7101,-1.88606,4.37327,1.45192,-1.03437
-10.7101,-1.88606,4.37327,1.45192,-1.03437
-10.7101,-1.88606,4.37327,1.45192,-1.03437
-10.7101,-1.88606,4.37327,1.45192,-1.03437
-10.7101,-1.88606,4.37327,1.45192,-1.03437
-10.7101,-1.88606,4.37327,1.45192,-1.03437
-10.7101,-1.88606,4.37327,1.45192,-1.03437
-10.7101,-1.88606,4.37327,1.45192,-1.03437
-10.7101,-1.88606,4.37327,1.45192,-1.03437
-10.7101,-1.88606,4.37327,1.45192,-1.03437
-10.7101,-1.88606,4.37327,1.45192,-1.03437
-10.7101,-1.88606,4.37327,1.45192,-1.03437
-10.7101,-1.88606,4.37327,1.45192,-1.03437
-10.7101,-1.88606,4.37327,1.45192,-1.03437
-10.7101,-1.88606,4.37327,1.45192,-1.03437
-10.7101,-1.88606,4.37327,1.45192,-1.03437
-10.7101,-1.88606,4.37327,1.45192,-1.03437
-10.7101,-1.88606,4.37327,1.45192,-1.03437
-10.7101,-1.88606,4.37327,1.45192,-1.03437
-10.7101,-1.88606,4.37327,1.45192,-1.03437
-10.7101,-1.88606,4.37327,1.45192,-1.03437
-10.7101,-1.88606,4.37327,1.45192,-1.03437
-10.7101,-1.88606,4.37327,1.45192,-1.03437
-10.7101,-1.88606,4.37327,1.45192,-1.03437
-10.7101,-1.88606,4.37327,1.45192,-1.03437
-10.7101,-1.88606,4.37327,1.45192,-1.03437
-10.7101,-1.88606,4.37327,1.45192,-1.03437
-10.7101,-1.88606,4.37327,1.45192,-1.03437
-10.7101,-1.88606,4.37327,1.45192,-1.03437
-10.7101,-1.88606,4.37327,1.45192,-1.03437
-10.7101,-1.88606,4.37327,1.45192,-1.03437
-10.7101,-1.88606,4.37327,1.45192,-1.03437
-10.7101,-1.88606,4.37327,1.45192,-1.03437
-10.7101,-1.88606,4.37327,1.45192,-1.03437
2.05009,2.48903,-4.41974,2.44756,-10.5634
2.05009,2.48903,-4.41974,2.44756,-10.5634
2.05009,2.48903,-4.41974,2.44756,-10.5634
2.05009,2.48903,-4.41974,2.44756,-10.5634
2.05009,2.48903,-4.41974,2.44756,-10.5634
2.05009,2.48903,-4.41974,2.44756,-10.5634
2.05009,2.48903,-4.41974,2.44756,-10.5634
2.05009,2.48903,-4.41974,2.44756,-10.5634
2.05009,2.48903,-4.41974,2.44756,-10.5634
2.05009,2.48903,-4.41974,2.44756,-10.5634
2.05009,2.48903,-4.41974,2.44756,-10.5634
2.05009,2.48903,-4.41974,2.44756,-10.5634
2.05009,2.48903,-4.41974,2.44756,-10.5634
2.05009,2.48903,-4.41974,2.44756,-10.5634
2.05009,2.48903,-4.41974,2.44756,-10.5634
2.05009,2.48903,-4.41974,2.44756,-10.5634
2.05009,2.48903,-4.41974,2.44756,-10.5634
2.05009,2.48903,-4.41974,2.44756,-10.5634
2.05009,2.48903,-4.41974,2.44756,-10.5634
2.05009,2.48903,-4.41974,2.44756,-10.5634
2.05009,2.48903,-4.41974,2.44756,-10.5634
2.05009,2.48903,-4.41974,2.44756,-10.5634
2.05009,2.48903,-4.41974,2.44756,-10.5634
2.05009,2.48903,-4.41974,2.44756,-10.5634
2.05009,2.48903,-4.41974,2.44756,-10.5634
2.05009,2.48903,-4.41974,2.44756,-10.5634
2.05009,2.48903,-4.41974,2.44756,-10.5634
2.05009,2.48903,-4.41974,2.44756,-10.5634
2.05009,2.48903,-4.41974,2.44756,-10.5634
2.05009,2.48903,-4.41974,2.44756,-10.5634
2.05009,2.48903,-4.41974,2.44756,-10.5634
2.05009,2.48903,-4.41974,2.44756,-10.5634
2.05009,2.48903,-4.41974,2.44756,-10.5634
2.05009,2.48903,-4.41974,2.44756,-10.5634
2.05009,2.48903,-4.41974,2.44756,-10.5634
2.05009,2.48903,-4.41974,2.44756,-10.5634
2.05009,2.48903,-4.41974,2.44756,-10.5634
2.05009,2.48903,-4.41974,2.44756,-10.5634
2.05009,2.48903,-4.41974,2.44756,-10.5634
2.05009,2.48903,-4.41974,2.44756,-10.5634
2.05009,2.48903,-4.41974,2.44756,-10.5634
2.05009,2.48903,-4.41974,2.44756,-10.5634
2.05009,2.48903,-4.41974,2.44756,-10.5634
2.05009,2.48903,-4.41974,2.44756,-10.5634
2.05009,2.48903,-4.41974,2.44756,-10.5634
2.05009,2.48903,-4.41974,2.44756,-10.5634
2.05009,2.48903,-4.41974,2.44756,-10.5634
2.05009,2.48903,-4.41974,2.44756,-10.5634
2.05009,2.48903,-4.41974,2.44756,-10.5634
2.05009,2.48903,-4.41974,2.44756,-10.5634
2.05009,2.48903,-4.41974,2.44756,-10.5634
2.05009,2.48903,-4.41974,2.44756,-10.5634
2.05009,2.48903,-4.41974,2.44756,-10.5634
2.05009,2.48903,-4.41974,2.44756,-10.5634
2.05009,2.48903,-4.41974,2.44756,-10.5634
2.05009,2.48903,-4.41974,2.44756,-10.5634
2.05009,2.48903,-4.41974,2.44756,-10.5634
2.05009,2.48903,-4.41974,2.44756,-10.5634
2.05009,2.48903,-4.41974,2.44756,-10.5634
2.05009,2.48903,-4.41974,2.44756,-10.5634
2.05009,2.48903,-4.41974,2.44756,-10.5634
2.05009,2.48903,-4.41974,2.44756,-10.5634
2.05009,2.48903,-4.41974,2.44756,-10.5634
2.05009,2.48903,-4.41974,2.44756,-10.5634
2.05009,2.48903,-4.41974,2.44756,-10.5634
2.05009,2.48903,-4.41974,2.44756,-10.5634
2.05009,2.48903,-4.41974,2.44756,-10.5634
2.05009,2.48903,-4.41974,2.44756,-10.5634
2.05009,2.48903,-4.41974,2.44756,-10.5634
2.05009,2.48903,-4.41974,2.44756,-10.5634
2.05009,2.48903,-4.41974,2.44756,-10.5634
2.05009,2.48903,-4.41974,2.44756,-10.5634
2.05009,2.48903,-4.41974,2.44756,-10.5634
2.05009,2.48903,-4.41974,2.44756,-10.5634
2.05009,2.48903,-4.41974,2.44756,-10.5634
2.05009,2.48903,-4.41974,2.44756,-10.5634
2.05009,2.48903,-4.41974,2.44756,-10.5634
2.05009,2.48903,-4.41974,2.44756,-10.5634
2.05009,2.48903,-4.41974,2.44756,-10.5634
2.05009,2.48903,-4.41974,2.44756,-10.5634
2.05009,2.48903,-4.41974,2.44756,-10.5634
2.05009,2.48903,-4.41974,2.44756,-10.5634
2.05009,2.48903,-4.41974,2.44756,-10.5634
2.05009,2.48903,-4.41974,2.44756,-10.5634
2.05009,2.48903,-4.41974,2.44756,-10.5634
2.05009,2.48903,-4.41974,2.44756,-10.5634
2.05009,2.48903,-4.41974,2.44756,-10.5634
2.05009,2.48903,-4.41974,2.44756,-10.5634
2.05009,2.48903,-4.41974,2.44756,-10.5634
2.05009,2.48903,-4.41974,2.44756,-10.5634
2.05009,2.48903,-4.41974,2.44756,-10.5634
2.05009,2.48903,-4.41974,2.44756,-10.5634
2.05009,2.48903,-4.41974,2.44756,-10.5634
2.05009,2.48903,-4.41974,2.44756,-10.5634
2.05009,2.48903,-4.41974,2.44756,-10.5634
2.05009,2.48903,-4.41974,2.44756,-10.5634
2.05009,2.48903,-4.41974,2.44756,-10.5634
2.05009,2.48903,-4.41974,2.44756,-10.5634
2.05009,2.48903,-4.41974,2.44756,-10.5634
2.05009,2.48903,-4.41974,2.44756,-10.5634
2.05009,2.48903,-4.41974,2.44756,-10.5634
2.05009,2.48903,-4.41974,2.44756,-10.5634
2.05009,2.48903,-4.41974,2.44756,-10.5634
2.05009,2.48903,-4.41974,2.44756,-10.5634
2.05009,2.48903,-4.41974,2.44756,-10.5634
2.05009,2.48903,-4.41974,2.44756,-10.5634
2.05009,2.48903,-4.41974,2.44756,-10.5634
2.05009,2.48903,-4.41974,2.44756,-10.5634
2.05009,2.48903,-4.41974,2.44756,-10.5634
2.05009,2.48903,-4.41974,2.44756,-10.5634
2.05009,2.48903,-4.41974,2.44756,-10.5634
2.05009,2.48903,-4.41974,2.44756,-10.5634
2.05009,2.48903,-4.41974,2.44756,-10.5634
2.05009,2.48903,-4.41974,2.44756,-10.5634
2.05009,2.48903,-4.41974,2.44756,-10.5634
2.05009,2.48903,-4.41974,2.44756,-10.5634
2.05009,2.48903,-4.41974,2.44756,-10.5634
2.05009,2.48903,-4.41974,2.44756,-10.5634
2.05009,2.48903,-4.41974,2.44756,-10.5634
2.05009,2.48903,-4.41974,2.44756,-10.5634
2.05009,2.48903,-4.41974,2.44756,-10.5634
2.05009,2.48903,-4.41974,2.44756,-10.5634
2.05009,2.48903,-4.41974,2.44756,-10.5634
2.05009,2.48903,-4.41974,2.44756,-10.5634
-5.26444,-2.31088,0.99332,-2.39862,-1.19069
-5.26444,-2.31088,0.99332,-2.39862,-1.19069
-5.26444,-2.31088,0.99332,-2.39862,-1.19069
-5.26444,-2.31088,0.99332,-2.39862,-1.19069
-5.26444,-2.31088,0.99332,-2.39862,-1.19069
-5.26444,-2.31088,0.99332,-2.39862,-1.19069
-5.26444,-2.31088,0.99332,-2.39862,-1.19069
-5.26444,-2.31088,0.99332,-2.39862,-1.19069
-5.26444,-2.31088,0.99332,-2.39862,-1.19069
-5.26444,-2.31088,0.99332,-2.39862,-1.19069
-5.26444,-2.31088,0.99332,-2.39862,-1.19069
-5.26444,-2.31088,0.99332,-2.39862,-1.19069
-5.26444,-2.31088,0.99332,-2.39862,-1.19069
-5.26444,-2.31088,0.99332,-2.39862,-1.19069
-5.26444,-2.31088,0.99332,-2.39862,-1.19069
-5.26444,-2.31088,0.99332,-2.39862,-1.19069
-5.26444,-2.31088,0.99332,-2.39862,-1.19069
-5.26444,-2.31088,0.99332,-2.39862,-1.19069
-5.26444,-2.31088,0.99332,-2.39862,-1.19069
-5.26444,-2.31088,0.99332,-2.39862,-1.19069
-5.26444,-2.31088,0.99332,-2.39862,-1.19069
-5.26444,-2.31088,0.99332,-2.39862,-1.19069
-5.26444,-2.31088,0.99332,-2.39862,-1.19069
-5.26444,-2.31088,0.99332,-2.39862,-1.19069
-5.26444,-2.31088,0.99332,-2.39862,-1.19069
-5.26444,-2.31088,0.99332,-2.39862,-1.19069
-5.26444,-2.31088,0.99332,-2.39862,-1.19069
-5.26444,-2.31088,0.99332,-2.39862,-1.19069
-5.26444,-2.31088,0.99332,-2.39862,-1.19069
-5.26444,-2.31088,0.99332,-2.39862,-1.19069
-5.26444,-2.31088,0.99332,-2.39862,-1.19069
-5.26444,-2.31088,0.99332,-2.39862,-1.19069
-5.26444,-2.31088,0.99332,-2.39862,-1.19069
-5.26444,-2.31088,0.99332,-2.39862,-1.19069
-5.26444,-2.31088,0.99332,-2.39862,-1.19069
-5.26444,-2.31088,0.99332,-2.39862,-1.19069
-5.26444,-2.31088,0.99332,-2.39862,-1.19069
-5.26444,-2.31088,0.99332,-2.39862,-1.19069
-5.26444,-2.31088,0.99332,-2.39862,-1.19069
-5.26444,-2.31088,0.99332,-2.39862,-1.19069
-5.26444,-2.31088,0.99332,-2.39862,-1.19069
-5.26444,-2.31088,0.99332,-2.39862,-1.19069
-5.26444,-2.31088,0.99332,-2.39862,-1.19069
-5.26444,-2.31088,0.99332,-2.39862,-1.19069
-5.26444,-2.31088,0.99332,-2.39862,-1.19069
-5.26444,-2.31088,0.99332,-2.39862,-1.19069
-5.26444,-2.31088,0.99332,-2.39862,-1.19069
-5.26444,-2.31088,0.99332,-2.39862,-1.19069
-5.26444,-2.31088,0.99332,-2.39862,-1.19069
-5.26444,-2.31088,0.99332,-2.39862,-1.19069
-5.26444,-2.31088,0.99332,-2.39862,-1.19069
-5.26444,-2.31088,0.99332,-2.39862,-1.19069
-5.26444,-2.31088,0.99332,-2.39862,-1.19069
-5.26444,-2.31088,0.99332,-2.39862,-1.19069
-5.26444,-2.31088,0.99332,-2.39862,-1.19069
-5.26444,-2.31088,0.99332,-2.39862,-1.19069
-5.26444,-2.31088,0.99332,-2.39862,-1.19069
-5.26444,-2.31088,0.99332,-2.39862,-1.19069
-5.26444,-2.31088,0.99332,-2.39862,-1.19069
-5.26444,-2.31088,0.99332,-2.39862,-1.19069
-5.26444,-2.31088,0.99332,-2.39862,-1.19069
-5.26444,-2.31088,0.99332,-2.39862,-1.19069
-5.26444,-2.31088,0.99332,-2.39862,-1.19069
-5.26444,-2.31088,0.99332,-2.39862,-1.19069
-5.26444,-2.31088,0.99332,-2.39862,-1.19069
-5.26444,-2.31088,0.99332,-2.39862,-1.19069
-5.26444,-2.31088,0.99332,-2.39862,-1.19069
-5.26444,-2.31088,0.99332,-2.39862,-1.19069
-5.26444,-2.31088,0.99332,-2.39862,-1.19069
-5.26444,-2.31088,0.99332,-2.39862,-1.19069
-5.26444,-2.31088,0.99332,-2.39862,-1.19069
-5.26444,-2.31088,0.99332,-2.39862,-1.19069
-5.26444,-2.31088,0.99332,-2.39862,-1.19069
-5.26444,-2.31088,0.99332,-2.39862,-1.19069
-5.26444,-2.31088,0.99332,-2.39862,-1.19069
-5.26444,-2.31088,0.99332,-2.39862,-1.19069
-5.26444,-2.31088,0.99332,-2.39862,-1.19069
-5.26444,-2.31088,0.99332,-2.39862,-1.19069
-5.26444,-2.31088,0.99332,-2.39862,-1.19069
-5.26444,-2.31088,0.99332,-2.39862,-1.19069
-5.26444,-2.31088,0.99332,-2.39862,-1.19069
-5.26444,-2.31088,0.99332,-2.39862,-1.19069
-5.26444,-2.31088,0.99332,-2.39862,-1.19069
-5.26444,-2.31088,0.99332,-2.39862,-1.19069
-5.26444,-2.31088,0.99332,-2.39862,-1.19069
-5.26444,-2.31088,0.99332,-2.39862,-1.19069
-5.26444,-2.31088,0.99332,-2.39862,-1.19069
-5.26444,-2.31088,0.99332,-2.39862,-1.19069
-5.26444,-2.31088,0.99332,-2.39862,-1.19069
-5.26444,-2.31088,0.99332,-2.39862,-1.19069
-5.26444,-2.31088,0.99332,-2.39862,-1.19069
-5.26444,-2.31088,0.99332,-2.39862,-1.19069
-5.26444,-2.31088,0.99332,-2.39862,-1.19069
-5.26444,-2.31088,0.99332,-2.39862,-1.19069
-5.26444,-2.31088,0.99332,-2.39862,-1.19069
-5.26444,-2.31088,0.99332,-2.39862,-1.19069
-5.26444,-2.31088,0.99332,-2.39862,-1.19069
-5.26444,-2.31088,0.99332,-2.39862,-1.19069
-5.26444,-2.31088,0.99332,-2.39862,-1.19069
-5.26444,-2.31088,0.99332,-2.39862,-1.19069
-5.26444,-2.31088,0.99332,-2.39862,-1.19069
-5.26444,-2.31088,0.99332,-2.39862,-1.19069
-5.26444,-2.31088,0.99332,-2.39862,-1.19069
-5.26444,-2.31088,0.99332,-2.39862,-1.19069
-4.65106,-4.74864,-3.28165,-0.304043,4.2989
-4.65106,-4.74864,-3.28165,-0.304043,4.2989
-4.65106,-4.74864,-3.28165,-0.304043,4.2989
-4.65106,-4.74864,-3.28165,-0.304043,4.2989
-4.65106,-4.74864,-3.28165,-0.304043,4.2989
-4.65106,-4.74864,-3.28165,-0.304043,4.2989
-4.65106,-4.74864,-3.28165,-0.304043,4.2989
-4.65106,-4.74864,-3.28165,-0.304043,4.2989
-4.65106,-4.74864,-3.28165,-0.304043,4.2989
-4.65106,-4.74864,-3.28165,-0.304043,4.2989
-4.65106,-4.74864,-3.28165,-0.304043,4.2989
-4.65106,-4.74864,-3.28165,-0.304043,4.2989
-4.65106,-4.74864,-3.28165,-0.304043,4.2989
-4.65106,-4.74864,-3.28165,-0.304043,4.2989
-4.65106,-4.74864,-3.28165,-0.304043,4.2989
-4.65106,-4.74864,-3.28165,-0.304043,4.2989
-4.65106,-4.74864,-3.28165,-0.304043,4.2989
-4.65106,-4.74864,-3.28165,-0.304043,4.2989
-4.65106,-4.74864,-3.28165,-0.304043,4.2989
-4.65106,-4.74864,-3.28165,-0.304043,4.2989
-4.65106,-4.74864,-3.28165,-0.304043,4.2989
-4.65106,-4.74864,-3.28165,-0.304043,4.2989
-4.65106,-4.74864,-3.28165,-0.304043,4.2989
-4.65106,-4.74864,-3.28165,-0.304043,4.2989
-4.65106,-4.74864,-3.28165,-0.304043,4.2989
-4.65106,-4.74864,-3.28165,-0.304043,4.2989
-4.65106,-4.74864,-3.28165,-0.304043,4.2989
-4.65106,-4.74864,-3.28165,-0.304043,4.2989
-4.65106,-4.74864,-3.28165,-0.304043,4.2989
-4.65106,-4.74864,-3.28165,-0.304043,4.2989
-4.65106,-4.74864,-3.28165,-0.304043,4.2989
-4.65106,-4.74864,-3.28165,-0.304043,4.2989
-4.65106,-4.74864,-3.28165,-0.304043,4.2989
-4.65106,-4.74864,-3.28165,-0.304043,4.2989
-4.65106,-4.74864,-3.28165,-0.304043,4.2989
-4.65106,-4.74864,-3.28165,-0.304043,4.2989
-4.65106,-4.74864,-3.28165,-0.304043,4.2989
-4.65106,-4.74864,-3.28165,-0.304043,4.2989
-4.65106,-4.74864,-3.28165,-0.304043,4.2989
-4.65106,-4.74864,-3.28165,-0.304043,4.2989
-4.65106,-4.74864,-3.28165,-0.304043,4.2989
-4.65106,-4.74864,-3.28165,-0.304043,4.2989
-4.65106,-4.74864,-3.28165,-0.304043,4.2989
-4.65106,-4.74864,-3.28165,-0.304043,4.2989
-4.65106,-4.74864,-3.28165,-0.304043,4.2989
-4.65106,-4.74864,-3.28165,-0.304043,4.2989
-4.65106,-4.74864,-3.28165,-0.304043,4.2989
-4.65106,-4.74864,-3.28165,-0.304043,4.2989
-4.65106,-4.74864,-3.28165,-0.304043,4.2989
-4.65106,-4.74864,-3.28165,-0.304043,4.2989
-4.65106,-4.74864,-3.28165,-0.304043,4.2989
-4.65106,-4.74864,-3.28165,-0.304043,4.2989
-4.65106,-4.74864,-3.28165,-0.304043,4.2989
-4.65106,-4.74864,-3.28165,-0.304043,4.2989
-4.65106,-4.74864,-3.28165,-0.304043,4.2989
-4.65106,-4.74864,-3.28165,-0.304043,4.2989
-4.65106,-4.74864,-3.28165,-0.304043,4.2989
-4.65106,-4.74864,-3.28165,-0.304043,4.2989
-4.65106,-4.74864,-3.28165,-0.304043,4.2989
-4.65106,-4.74864,-3.28165,-0.304043,4.2989
-4.65106,-4.74864,-3.28165,-0.304043,4.2989
-4.65106,-4.74864,-3.28165,-0.304043,4.2989
-4.65106,-4.74864,-3.28165,-0.304043,4.2989
-4.65106,-4.74864,-3.28165,-0.304043,4.2989
-4.65106,-4.74864,-3.28165,-0.304043,4.2989
-4.65106,-4.74864,-3.28165,-0.304043,4.2989
-4.65106,-4.74864,-3.28165,-0.304043,4.2989
-4.65106,-4.74864,-3.28165,-0.304043,4.2989
-4.65106,-4.74864,-3.28165,-0.304043,4.2989
-4.65106,-4.74864,-3.28165,-0.304043,4.2989
-4.65106,-4.74864,-3.28165,-0.304043,4.2989
-4.65106,-4.74864,-3.28165,-0.304043,4.2989
-4.65106,-4.74864,-3.28165,-0.304043,4.2989
-4.65106,-4.74864,-3.28165,-0.304043,4.2989
-4.65106,-4.74864,-3.28165,-0.304043,4.2989
-4.65106,-4.74864,-3.28165,-0.304043,4.2989
-4.65106,-4.74864,-3.28165,-0.304043,4.2989
-4.65106,-4.74864,-3.28165,-0.304043,4.2989
-4.65106,-4.74864,-3.28165,-0.304043,4.2989
-4.65106,-4.74864,-3.28165,-0.304043,4.2989
-4.65106,-4.74864,-3.28165,-0.304043,4.2989
-4.65106,-4.74864,-3.28165,-0.304043,4.2989
-4.65106,-4.74864,-3.28165,-0.304043,4.2989
-4.65106,-4.74864,-3.28165,-0.304043,4.2989
-4.65106,-4.74864,-3.28165,-0.304043,4.2989
-4.65106,-4.74864,-3.28165,-0.304043,4.2989
-4.65106,-4.74864,-3.28165,-0.304043,4.2989
-4.65106,-4.74864,-3.28165,-0.304043,4.2989
-4.65106,-4.74864,-3.28165,-0.304043,4.2989
-4.65106,-4.74864,-3.28165,-0.304043,4.2989
-4.65106,-4.74864,-3.28165,-0.304043,4.2989
-4.65106,-4.74864,-3.28165,-0.304043,4.2989
-4.65106,-4.74864,-3.28165,-0.304043,4.2989
-4.65106,-4.74864,-3.28165,-0.304043,4.2989
-4.65106,-4.74864,-3.28165,-0.304043,4.2989
-4.65106,-4.74864,-3.28165,-0.304043,4.2989
-4.65106,-4.74864,-3.28165,-0.304043,4.2989
-4.65106,-4.74864,-3.28165,-0.304043,4.2989
-4.65106,-4.74864,-3.28165,-0.304043,4.2989
-4.65106,-4.74864,-3.28165,-0.304043,4.2989
-4.65106,-4.74864,-3.28165,-0.304043,4.2989
-4.65106,-4.74864,-3.28165,-0.304043,4.2989
-4.65106,-4.74864,-3.28165,-0.304043,4.2989
-4.65106,-4.74864,-3.28165,-0.304043,4.2989
-4.65106,-4.74864,-3.28165,-0.304043,4.2989
-4.65106,-4.74864,-3.28165,-0.304043,4.2989
-4.65106,-4.74864,-3.28165,-0.304043,4.2989
-4.65106,-4.74864,-3.28165,-0.304043,4.2989
-4.65106,-4.74864,-3.28165,-0.304043,4.2989
-4.65106,-4.74864,-3.28165,-0.304043,4.2989
-4.65106,-4.74864,-3.28165,-0.304043,4.2989
-4.65106,-4.74864,-3.28165,-0.304043,4.2989
-4.65106,-4.74864,-3.28165,-0.304043,4.2989
-4.65106,-4.74864,-3.28165,-0.304043,4.2989
-4.65106,-4.74864,-3.28165,-0.304043,4.2989
-4.65106,-4.74864,-3.28165,-0.304043,4.2989
-4.65106,-4.74864,-3.28165,-0.304043,4.2989
-4.65106,-4.74864,-3.28165,-0.304043,4.2989
-4.65106,-4.74864,-3.28165,-0.304043,4.2989
-4.65106,-4.74864,-3.28165,-0.304043,4.2989
-4.65106,-4.74864,-3.28165,-0.304043,4.2989
-4.65106,-4.74864,-3.28165,-0.304043,4.2989
-4.65106,-4.74864,-3.28165,-0.304043,4.2989
-4.65106,-4.74864,-3.28165,-0.304043,4.2989
-4.65106,-4.74864,-3.28165,-0.304043,4.2989
-6.28498,-4.785435,0.6643750000000002,-0.39371900000000004,1.7281505
-6.28498,-4.785435,0.6643750000000002,-0.39371900000000004,1.7281505
-6.28498,-4.785435,0.6643750000000002,-0.39371900000000004,1.7281505
-6.28498,-4.785435,0.6643750000000002,-0.39371900000000004,1.7281505
-6.28498,-4.785435,0.6643750000000002,-0.39371900000000004,1.7281505
-6.28498,-4.785435,0.6643750000000002,-0.39371900000000004,1.7281505
-6.28498,-4.785435,0.6643750000000002,-0.39371900000000004,1.7281505
-6.28498,-4.785435,0.6643750000000002,-0.39371900000000004,1.7281505
-6.28498,-4.785435,0.6643750000000002,-0.39371900000000004,1.7281505
-6.28498,-4.785435,0.6643750000000002,-0.39371900000000004,1.7281505
-6.28498,-4.785435,0.6643750000000002,-0.39371900000000004,1.7281505
-6.28498,-4.785435,0.6643750000000002,-0.39371900000000004,1.7281505
-6.28498,-4.785435,0.6643750000000002,-0.39371900000000004,1.7281505
-6.28498,-4.785435,0.6643750000000002,-0.39371900000000004,1.7281505
-6.28498,-4.785435,0.6643750000000002,-0.39371900000000004,1.7281505
-6.28498,-4.785435,0.6643750000000002,-0.39371900000000004,1.7281505
-6.28498,-4.785435,0.6643750000000002,-0.39371900000000004,1.7281505
-6.28498,-4.785435,0.6643750000000002,-0.39371900000000004,1.7281505
-6.28498,-4.785435,0.6643750000000002,-0.39371900000000004,1.7281505
-6.28498,-4.785435,0.6643750000000002,-0.39371900000000004,1.7281505
-6.28498,-4.785435,0.6643750000000002,-0.39371900000000004,1.7281505
-6.28498,-4.785435,0.6643750000000002,-0.39371900000000004,1.7281505
-6.28498,-4.785435,0.6643750000000002,-0.39371900000000004,1.7281505
-6.28498,-4.785435,0.6643750000000002,-0.39371900000000004,1.7281505
-6.28498,-4.785435,0.6643750000000002,-0.39371900000000004,1.7281505
-6.28498,-4.785435,0.6643750000000002,-0.39371900000000004,1.7281505
-6.28498,-4.785435,0.6643750000000002,-0.39371900000000004,1.7281505
-6.28498,-4.785435,0.6643750000000002,-0.39371900000000004,1.7281505
-6.28498,-4.785435,0.6643750000000002,-0.39371900000000004,1.7281505
-6.28498,-4.785435,0.6643750000000002,-0.39371900000000004,1.7281505
-6.28498,-4.785435,0.6643750000000002,-0.39371900000000004,1.7281505
-6.28498,-4.785435,0.6643750000000002,-0.39371900000000004,1.7281505
-6.28498,-4.785435,0.6643750000000002,-0.39371900000000004,1.7281505
-6.28498,-4.785435,0.6643750000000002,-0.39371900000000004,1.7281505
-6.28498,-4.785435,0.6643750000000002,-0.39371900000000004,1.7281505
-6.28498,-4.785435,0.6643750000000002,-0.39371900000000004,1.7281505
-6.28498,-4.785435,0.6643750000000002,-0.39371900000000004,1.7281505
-6.28498,-4.785435,0.6643750000000002,-0.39371900000000004,1.7281505
-6.28498,-4.785435,0.6643750000000002,-0.39371900000000004,1.7281505
-6.28498,-4.785435,0.6643750000000002,-0.39371900000000004,1.7281505
-6.28498,-4.785435,0.6643750000000002,-0.39371900000000004,1.7281505
-6.28498,-4.785435,0.6643750000000002,-0.39371900000000004,1.7281505
-6.28498,-4.785435,0.6643750000000002,-0.39371900000000004,1.7281505
-6.28498,-4.785435,0.6643750000000002,-0.39371900000000004,1.7281505
-6.28498,-4.785435,0.6643750000000002,-0.39371900000000004,1.7281505
-6.28498,-4.785435,0.6643750000000002,-0.39371900000000004,1.7281505
-6.28498,-4.785435,0.6643750000000002,-0.39371900000000004,1.7281505
-6.28498,-4.785435,0.6643750000000002,-0.39371900000000004,1.7281505
-6.28498,-4.785435,0.6643750000000002,-0.39371900000000004,1.7281505
-6.28498,-4.785435,0.6643750000000002,-0.39371900000000004,1.7281505
-6.28498,-4.785435,0.6643750000000002,-0.39371900000000004,1.7281505
-6.28498,-4.785435,0.6643750000000002,-0.39371900000000004,1.7281505
-6.28498,-4.785435,0.6643750000000002,-0.39371900000000004,1.7281505
-6.28498,-4.785435,0.6643750000000002,-0.39371900000000004,1.7281505
-6.28498,-4.785435,0.6643750000000002,-0.39371900000000004,1.7281505
-6.28498,-4.785435,0.6643750000000002,-0.39371900000000004,1.7281505
-6.28498,-4.785435,0.6643750000000002,-0.39371900000000004,1.7281505
-6.28498,-4.785435,0.6643750000000002,-0.39371900000000004,1.7281505
-6.28498,-4.785435,0.6643750000000002,-0.39371900000000004,1.7281505
-6.28498,-4.785435,0.6643750000000002,-0.39371900000000004,1.7281505
-6.28498,-4.785435,0.6643750000000002,-0.39371900000000004,1.7281505
-6.28498,-4.785435,0.6643750000000002,-0.39371900000000004,1.7281505
-6.28498,-4.785435,0.6643750000000002,-0.39371900000000004,1.7281505
-6.28498,-4.785435,0.6643750000000002,-0.39371900000000004,1.7281505
-6.28498,-4.785435,0.6643750000000002,-0.39371900000000004,1.7281505
-6.28498,-4.785435,0.6643750000000002,-0.39371900000000004,1.7281505
-6.28498,-4.785435,0.6643750000000002,-0.39371900000000004,1.7281505
-6.28498,-4.785435,0.6643750000000002,-0.39371900000000004,1.7281505
-6.28498,-4.785435,0.6643750000000002,-0.39371900000000004,1.7281505
-6.28498,-4.785435,0.6643750000000002,-0.39371900000000004,1.7281505
-6.28498,-4.785435,0.6643750000000002,-0.39371900000000004,1.7281505
-6.28498,-4.785435,0.6643750000000002,-0.39371900000000004,1.7281505
-6.28498,-4.785435,0.6643750000000002,-0.39371900000000004,1.7281505
-6.28498,-4.785435,0.6643750000000002,-0.39371900000000004,1.7281505
-6.28498,-4.785435,0.6643750000000002,-0.39371900000000004,1.7281505
-6.28498,-4.785435,0.6643750000000002,-0.39371900000000004,1.7281505
-6.28498,-4.785435,0.6643750000000002,-0.39371900000000004,1.7281505
-6.28498,-4.785435,0.6643750000000002,-0.39371900000000004,1.7281505
-6.28498,-4.785435,0.6643750000000002,-0.39371900000000004,1.7281505
-6.28498,-4.785435,0.6643750000000002,-0.39371900000000004,1.7281505
-6.28498,-4.785435,0.6643750000000002,-0.39371900000000004,1.7281505
-6.28498,-4.785435,0.6643750000000002,-0.39371900000000004,1.7281505
-6.28498,-4.785435,0.6643750000000002,-0.39371900000000004,1.7281505
-6.28498,-4.785435,0.6643750000000002,-0.39371900000000004,1.7281505
-6.28498,-4.785435,0.6643750000000002,-0.39371900000000004,1.7281505
-6.28498,-4.785435,0.6643750000000002,-0.39371900000000004,1.7281505
-6.28498,-4.785435,0.6643750000000002,-0.39371900000000004,1.7281505
-6.28498,-4.785435,0.6643750000000002,-0.39371900000000004,1.7281505
-6.28498,-4.785435,0.6643750000000002,-0.39371900000000004,1.7281505
-6.28498,-4.785435,0.6643750000000002,-0.39371900000000004,1.7281505
-6.28498,-4.785435,0.6643750000000002,-0.39371900000000004,1.7281505
-6.28498,-4.785435,0.6643750000000002,-0.39371900000000004,1.7281505
-6.28498,-4.785435,0.6643750000000002,-0.39371900000000004,1.7281505
-6.28498,-4.785435,0.6643750000000002,-0.39371900000000004,1.7281505
-6.28498,-4.785435,0.6643750000000002,-0.39371900000000004,1.7281505
-6.28498,-4.785435,0.6643750000000002,-0.39371900000000004,1.7281505
-6.28498,-4.785435,0.6643750000000002,-0.39371900000000004,1.7281505
-6.28498,-4.785435,0.6643750000000002,-0.39371900000000004,1.7281505
-6.28498,-4.785435,0.6643750000000002,-0.39371900000000004,1.7281505
-6.28498,-4.785435,0.6643750000000002,-0.39371900000000004,1.7281505
-6.28498,-4.785435,0.6643750000000002,-0.39371900000000004,1.7281505
-6.28498,-4.785435,0.6643750000000002,-0.39371900000000004,1.7281505
-6.28498,-4.785435,0.6643750000000002,-0.39371900000000004,1.7281505
-6.28498,-4.785435,0.6643750000000002,-0.39371900000000004,1.7281505
-6.28498,-4.785435,0.6643750000000002,-0.39371900000000004,1.7281505
-6.28498,-4.785435,0.6643750000000002,-0.39371900000000004,1.7281505
-6.28498,-4.785435,0.6643750000000002,-0.39371900000000004,1.7281505
-6.28498,-4.785435,0.6643750000000002,-0.39371900000000004,1.7281505
-6.28498,-4.785435,0.6643750000000002,-0.39371900000000004,1.7281505
-6.28498,-4.785435,0.6643750000000002,-0.39371900000000004,1.7281505
-6.28498,-4.785435,0.6643750000000002,-0.39371900000000004,1.7281505
-6.28498,-4.785435,0.6643750000000002,-0.39371900000000004,1.7281505
-6.28498,-4.785435,0.6643750000000002,-0.39371900000000004,1.7281505
-6.28498,-4.785435,0.6643750000000002,-0.39371900000000004,1.7281505
-6.28498,-4.785435,0.6643750000000002,-0.39371900000000004,1.7281505
-6.28498,-4.785435,0.6643750000000002,-0.39371900000000004,1.7281505
-6.28498,-4.785435,0.6643750000000002,-0.39371900000000004,1.7281505
-6.28498,-4.785435,0.6643750000000002,-0.39371900000000004,1.7281505
-6.28498,-4.785435,0.6643750000000002,-0.39371900000000004,1.7281505
-6.28498,-4.785435,0.6643750000000002,-0.39371900000000004,1.7281505
-6.28498,-4.785435,0.6643750000000002,-0.39371900000000004,1.7281505
-6.28498,-4.785435,0.6643750000000002,-0.39371900000000004,1.7281505
-6.28498,-4.785435,0.6643750000000002,-0.39371900000000004,1.7281505
-6.28498,-4.785435,0.6643750000000002,-0.39371900000000004,1.7281505
-6.28498,-4.785435,0.6643750000000002,-0.39371900000000004,1.7281505
0.74113,-2.09667,-2.27144,-3.98644,-0.843687
0.74113,-2.09667,-2.27144,-3.98644,-0.843687
0.74113,-2.09667,-2.27144,-3.98644,-0.843687
0.74113,-2.09667,-2.27144,-3.98644,-0.843687
0.74113,-2.09667,-2.27144,-3.98644,-0.843687
0.74113,-2.09667,-2.27144,-3.98644,-0.843687
0.74113,-2.09667,-2.27144,-3.98644,-0.843687
0.74113,-2.09667,-2.27144,-3.98644,-0.843687
0.74113,-2.09667,-2.27144,-3.98644,-0.843687
0.74113,-2.09667,-2.27144,-3.98644,-0.843687
0.74113,-2.09667,-2.27144,-3.98644,-0.843687
0.74113,-2.09667,-2.27144,-3.98644,-0.843687
0.74113,-2.09667,-2.27144,-3.98644,-0.843687
0.74113,-2.09667,-2.27144,-3.98644,-0.843687
0.74113,-2.09667,-2.27144,-3.98644,-0.843687
0.74113,-2.09667,-2.27144,-3.98644,-0.843687
0.74113,-2.09667,-2.27144,-3.98644,-0.843687
0.74113,-2.09667,-2.27144,-3.98644,-0.843687
0.74113,-2.09667,-2.27144,-3.98644,-0.843687
0.74113,-2.09667,-2.27144,-3.98644,-0.843687
0.74113,-2.09667,-2.27144,-3.98644,-0.843687
0.74113,-2.09667,-2.27144,-3.98644,-0.843687
0.74113,-2.09667,-2.27144,-3.98644,-0.843687
0.74113,-2.09667,-2.27144,-3.98644,-0.843687
0.74113,-2.09667,-2.27144,-3.98644,-0.843687
0.74113,-2.09667,-2.27144,-3.98644,-0.843687
0.74113,-2.09667,-2.27144,-3.98644,-0.843687
0.74113,-2.09667,-2.27144,-3.98644,-0.843687
0.74113,-2.09667,-2.27144,-3.98644,-0.843687
0.74113,-2.09667,-2.27144,-3.98644,-0.843687
0.74113,-2.09667,-2.27144,-3.98644,-0.843687
0.74113,-2.09667,-2.27144,-3.98644,-0.843687
0.74113,-2.09667,-2.27144,-3.98644,-0.843687
0.74113,-2.09667,-2.27144,-3.98644,-0.843687
0.74113,-2.09667,-2.27144,-3.98644,-0.843687
0.74113,-2.09667,-2.27144,-3.98644,-0.843687
0.74113,-2.09667,-2.27144,-3.98644,-0.843687
0.74113,-2.09667,-2.27144,-3.98644,-0.843687
0.74113,-2.09667,-2.27144,-3.98644,-0.843687
0.74113,-2.09667,-2.27144,-3.98644,-0.843687
0.74113,-2.09667,-2.27144,-3.98644,-0.843687
0.74113,-2.09667,-2.27144,-3.98644,-0.843687
0.74113,-2.09667,-2.27144,-3.98644,-0.843687
0.74113,-2.09667,-2.27144,-3.98644,-0.843687
0.74113,-2.09667,-2.27144,-3.98644,-0.843687
0.74113,-2.09667,-2.27144,-3.98644,-0.843687
0.74113,-2.09667,-2.27144,-3.98644,-0.843687
0.74113,-2.09667,-2.27144,-3.98644,-0.843687
0.74113,-2.09667,-2.27144,-3.98644,-0.843687
0.74113,-2.09667,-2.27144,-3.98644,-0.843687
0.74113,-2.09667,-2.27144,-3.98644,-0.843687
0.74113,-2.09667,-2.27144,-3.98644,-0.843687
0.74113,-2.09667,-2.27144,-3.98644,-0.843687
0.74113,-2.09667,-2.27144,-3.98644,-0.843687
0.74113,-2.09667,-2.27144,-3.98644,-0.843687
0.74113,-2.09667,-2.27144,-3.98644,-0.843687
0.74113,-2.09667,-2.27144,-3.98644,-0.843687
0.74113,-2.09667,-2.27144,-3.98644,-0.843687
0.74113,-2.09667,-2.27144,-3.98644,-0.843687
0.74113,-2.09667,-2.27144,-3.98644,-0.843687
0.74113,-2.09667,-2.27144,-3.98644,-0.843687
0.74113,-2.09667,-2.27144,-3.98644,-0.843687
0.74113,-2.09667,-2.27144,-3.98644,-0.843687
0.74113,-2.09667,-2.27144,-3.98644,-0.843687
0.74113,-2.09667,-2.27144,-3.98644,-0.843687
0.74113,-2.09667,-2.27144,-3.98644,-0.843687
0.74113,-2.09667,-2.27144,-3.98644,-0.843687
0.74113,-2.09667,-2.27144,-3.98644,-0.843687
0.74113,-2.09667,-2.27144,-3.98644,-0.843687
0.74113,-2.09667,-2.27144,-3.98644,-0.843687
0.74113,-2.09667,-2.27144,-3.98644,-0.843687
0.74113,-2.09667,-2.27144,-3.98644,-0.843687
0.74113,-2.09667,-2.27144,-3.98644,-0.843687
0.74113,-2.09667,-2.27144,-3.98644,-0.843687
0.74113,-2.09667,-2.27144,-3.98644,-0.843687
0.74113,-2.09667,-2.27144,-3.98644,-0.843687
0.74113,-2.09667,-2.27144,-3.98644,-0.843687
0.74113,-2.09667,-2.27144,-3.98644,-0.843687
0.74113,-2.09667,-2.27144,-3.98644,-0.843687
0.74113,-2.09667,-2.27144,-3.98644,-0.843687
0.74113,-2.09667,-2.27144,-3.98644,-0.843687
0.74113,-2.09667,-2.27144,-3.98644,-0.843687
0.74113,-2.09667,-2.27144,-3.98644,-0.843687
0.74113,-2.09667,-2.27144,-3.98644,-0.843687
0.74113,-2.09667,-2.27144,-3.98644,-0.843687
0.74113,-2.09667,-2.27144,-3.98644,-0.843687
0.74113,-2.09667,-2.27144,-3.98644,-0.843687
0.74113,-2.09667,-2.27144,-3.98644,-0.843687
0.74113,-2.09667,-2.27144,-3.98644,-0.843687
0.74113,-2.09667,-2.27144,-3.98644,-0.843687
0.74113,-2.09667,-2.27144,-3.98644,-0.843687
0.74113,-2.09667,-2.27144,-3.98644,-0.843687
0.74113,-2.09667,-2.27144,-3.98644,-0.843687
0.74113,-2.09667,-2.27144,-3.98644,-0.843687
0.74113,-2.09667,-2.27144,-3.98644,-0.843687
0.74113,-2.09667,-2.27144,-3.98644,-0.843687
0.74113,-2.09667,-2.27144,-3.98644,-0.843687
0.74113,-2.09667,-2.27144,-3.98644,-0.843687
0.74113,-2.09667,-2.27144,-3.98644,-0.843687
0.74113,-2.09667,-2.27144,-3.98644,-0.843687
0.74113,-2.09667,-2.27144,-3.98644,-0.843687
0.74113,-2.09667,-2.27144,-3.98644,-0.843687
0.74113,-2.09667,-2.27144,-3.98644,-0.843687
0.74113,-2.09667,-2.27144,-3.98644,-0.843687
0.74113,-2.09667,-2.27144,-3.98644,-0.843687
0.74113,-2.09667,-2.27144,-3.98644,-0.843687
0.74113,-2.09667,-2.27144,-3.98644,-0.843687
0.74113,-2.09667,-2.27144,-3.98644,-0.843687
0.74113,-2.09667,-2.27144,-3.98644,-0.843687
0.74113,-2.09667,-2.27144,-3.98644,-0.843687
0.74113,-2.09667,-2.27144,-3.98644,-0.843687
0.74113,-2.09667,-2.27144,-3.98644,-0.843687
0.74113,-2.09667,-2.27144,-3.98644,-0.843687
0.74113,-2.09667,-2.27144,-3.98644,-0.843687
0.74113,-2.09667,-2.27144,-3.98644,-0.843687
0.74113,-2.09667,-2.27144,-3.98644,-0.843687
0.74113,-2.09667,-2.27144,-3.98644,-0.843687
0.74113,-2.09667,-2.27144,-3.98644,-0.843687
0.74113,-2.09667,-2.27144,-3.98644,-0.843687
0.74113,-2.09667,-2.27144,-3.98644,-0.843687
0.74113,-2.09667,-2.27144,-3.98644,-0.843687
0.74113,-2.09667,-2.27144,-3.98644,-0.843687
0.74113,-2.09667,-2.27144,-3.98644,-0.843687
0.74113,-2.09667,-2.27144,-3.98644,-0.843687
-12.957455999999999,-7.979088000000001,5.6409139999999995,0.4374326,0.686232
-12.957455999999999,-7.979088000000001,5.6409139999999995,0.4374326,0.686232
-12.957455999999999,-7.979088000000001,5.6409139999999995,0.4374326,0.686232
-12.957455999999999,-7.979088000000001,5.6409139999999995,0.4374326,0.686232
-12.957455999999999,-7.979088000000001,5.6409139999999995,0.4374326,0.686232
-12.957455999999999,-7.979088000000001,5.6409139999999995,0.4374326,0.686232
-12.957455999999999,-7.979088000000001,5.6409139999999995,0.4374326,0.686232
-12.957455999999999,-7.979088000000001,5.6409139999999995,0.4374326,0.686232
-12.957455999999999,-7.979088000000001,5.6409139999999995,0.4374326,0.686232
-12.957455999999999,-7.979088000000001,5.6409139999999995,0.4374326,0.686232
-12.957455999999999,-7.979088000000001,5.6409139999999995,0.4374326,0.686232
-12.957455999999999,-7.979088000000001,5.6409139999999995,0.4374326,0.686232
-12.957455999999999,-7.979088000000001,5.6409139999999995,0.4374326,0.686232
-12.957455999999999,-7.979088000000001,5.6409139999999995,0.4374326,0.686232
-12.957455999999999,-7.979088000000001,5.6409139999999995,0.4374326,0.686232
-12.957455999999999,-7.979088000000001,5.6409139999999995,0.4374326,0.686232
-12.957455999999999,-7.979088000000001,5.6409139999999995,0.4374326,0.686232
-12.957455999999999,-7.979088000000001,5.6409139999999995,0.4374326,0.686232
-12.957455999999999,-7.979088000000001,5.6409139999999995,0.4374326,0.686232
-12.957455999999999,-7.979088000000001,5.6409139999999995,0.4374326,0.686232
-12.957455999999999,-7.979088000000001,5.6409139999999995,0.4374326,0.686232
-12.957455999999999,-7.979088000000001,5.6409139999999995,0.4374326,0.686232
-12.957455999999999,-7.979088000000001,5.6409139999999995,0.4374326,0.686232
-12.957455999999999,-7.979088000000001,5.6409139999999995,0.4374326,0.686232
-12.957455999999999,-7.979088000000001,5.6409139999999995,0.4374326,0.686232
-12.957455999999999,-7.979088000000001,5.6409139999999995,0.4374326,0.686232
-12.957455999999999,-7.979088000000001,5.6409139999999995,0.4374326,0.686232
-12.957455999999999,-7.979088000000001,5.6409139999999995,0.4374326,0.686232
-12.957455999999999,-7.979088000000001,5.6409139999999995,0.4374326,0.686232
-12.957455999999999,-7.979088000000001,5.6409139999999995,0.4374326,0.686232
-12.957455999999999,-7.979088000000001,5.6409139999999995,0.4374326,0.686232
-12.957455999999999,-7.979088000000001,5.6409139999999995,0.4374326,0.686232
-12.957455999999999,-7.979088000000001,5.6409139999999995,0.4374326,0.686232
-12.957455999999999,-7.979088000000001,5.6409139999999995,0.4374326,0.686232
-12.957455999999999,-7.979088000000001,5.6409139999999995,0.4374326,0.686232
-12.957455999999999,-7.979088000000001,5.6409139999999995,0.4374326,0.686232
-12.957455999999999,-7.979088000000001,5.6409139999999995,0.4374326,0.686232
-12.957455999999999,-7.979088000000001,5.6409139999999995,0.4374326,0.686232
-12.957455999999999,-7.979088000000001,5.6409139999999995,0.4374326,0.686232
-12.957455999999999,-7.979088000000001,5.6409139999999995,0.4374326,0.686232
-12.957455999999999,-7.979088000000001,5.6409139999999995,0.4374326,0.686232
-12.957455999999999,-7.979088000000001,5.6409139999999995,0.4374326,0.686232
-12.957455999999999,-7.979088000000001,5.6409139999999995,0.4374326,0.686232
-12.957455999999999,-7.979088000000001,5.6409139999999995,0.4374326,0.686232
-12.957455999999999,-7.979088000000001,5.6409139999999995,0.4374326,0.686232
-12.957455999999999,-7.979088000000001,5.6409139999999995,0.4374326,0.686232
-12.957455999999999,-7.979088000000001,5.6409139999999995,0.4374326,0.686232
-12.957455999999999,-7.979088000000001,5.6409139999999995,0.4374326,0.686232
-12.957455999999999,-7.979088000000001,5.6409139999999995,0.4374326,0.686232
-12.957455999999999,-7.979088000000001,5.6409139999999995,0.4374326,0.686232
-12.957455999999999,-7.979088000000001,5.6409139999999995,0.4374326,0.686232
-12.957455999999999,-7.979088000000001,5.6409139999999995,0.4374326,0.686232
-12.957455999999999,-7.979088000000001,5.6409139999999995,0.4374326,0.686232
-12.957455999999999,-7.979088000000001,5.6409139999999995,0.4374326,0.686232
-12.957455999999999,-7.979088000000001,5.6409139999999995,0.4374326,0.686232
-12.957455999999999,-7.979088000000001,5.6409139999999995,0.4374326,0.686232
-12.957455999999999,-7.979088000000001,5.6409139999999995,0.4374326,0.686232
-12.957455999999999,-7.979088000000001,5.6409139999999995,0.4374326,0.686232
-12.957455999999999,-7.979088000000001,5.6409139999999995,0.4374326,0.686232
-12.957455999999999,-7.979088000000001,5.6409139999999995,0.4374326,0.686232
-12.957455999999999,-7.979088000000001,5.6409139999999995,0.4374326,0.686232
-12.957455999999999,-7.979088000000001,5.6409139999999995,0.4374326,0.686232
-12.957455999999999,-7.979088000000001,5.6409139999999995,0.4374326,0.686232
-12.957455999999999,-7.979088000000001,5.6409139999999995,0.4374326,0.686232
-12.957455999999999,-7.979088000000001,5.6409139999999995,0.4374326,0.686232
-12.957455999999999,-7.979088000000001,5.6409139999999995,0.4374326,0.686232
-12.957455999999999,-7.979088000000001,5.6409139999999995,0.4374326,0.686232
-12.957455999999999,-7.979088000000001,5.6409139999999995,0.4374326,0.686232
-12.957455999999999,-7.979088000000001,5.6409139999999995,0.4374326,0.686232
-12.957455999999999,-7.979088000000001,5.6409139999999995,0.4374326,0.686232
-12.957455999999999,-7.979088000000001,5.6409139999999995,0.4374326,0.686232
-12.957455999999999,-7.979088000000001,5.6409139999999995,0.4374326,0.686232
-12.957455999999999,-7.979088000000001,5.6409139999999995,0.4374326,0.686232
-12.957455999999999,-7.979088000000001,5.6409139999999995,0.4374326,0.686232
-12.957455999999999,-7.979088000000001,5.6409139999999995,0.4374326,0.686232
-12.957455999999999,-7.979088000000001,5.6409139999999995,0.4374326,0.686232
-12.957455999999999,-7.979088000000001,5.6409139999999995,0.4374326,0.686232
-12.957455999999999,-7.979088000000001,5.6409139999999995,0.4374326,0.686232
-12.957455999999999,-7.979088000000001,5.6409139999999995,0.4374326,0.686232
-12.957455999999999,-7.979088000000001,5.6409139999999995,0.4374326,0.686232
-12.957455999999999,-7.979088000000001,5.6409139999999995,0.4374326,0.686232
-12.957455999999999,-7.979088000000001,5.6409139999999995,0.4374326,0.686232
-12.957455999999999,-7.979088000000001,5.6409139999999995,0.4374326,0.686232
-12.957455999999999,-7.979088000000001,5.6409139999999995,0.4374326,0.686232
-12.957455999999999,-7.979088000000001,5.6409139999999995,0.4374326,0.686232
-12.957455999999999,-7.979088000000001,5.6409139999999995,0.4374326,0.686232
-12.957455999999999,-7.979088000000001,5.6409139999999995,0.4374326,0.686232
-12.957455999999999,-7.979088000000001,5.6409139999999995,0.4374326,0.686232
-12.957455999999999,-7.979088000000001,5.6409139999999995,0.4374326,0.686232
-12.957455999999999,-7.979088000000001,5.6409139999999995,0.4374326,0.686232
-12.957455999999999,-7.979088000000001,5.6409139999999995,0.4374326,0.686232
-12.957455999999999,-7.979088000000001,5.6409139999999995,0.4374326,0.686232
-12.957455999999999,-7.979088000000001,5.6409139999999995,0.4374326,0.686232
-12.957455999999999,-7.979088000000001,5.6409139999999995,0.4374326,0.686232
-12.957455999999999,-7.979088000000001,5.6409139999999995,0.4374326,0.686232
-12.957455999999999,-7.979088000000001,5.6409139999999995,0.4374326,0.686232
-12.957455999999999,-7.979088000000001,5.6409139999999995,0.4374326,0.686232
-12.957455999999999,-7.979088000000001,5.6409139999999995,0.4374326,0.686232
-12.957455999999999,-7.979088000000001,5.6409139999999995,0.4374326,0.686232
-12.957455999999999,-7.979088000000001,5.6409139999999995,0.4374326,0.686232
-12.957455999999999,-7.979088000000001,5.6409139999999995,0.4374326,0.686232
-12.957455999999999,-7.979088000000001,5.6409139999999995,0.4374326,0.686232
-12.957455999999999,-7.979088000000001,5.6409139999999995,0.4374326,0.686232
-12.957455999999999,-7.979088000000001,5.6409139999999995,0.4374326,0.686232
-12.957455999999999,-7.979088000000001,5.6409139999999995,0.4374326,0.686232
-12.957455999999999,-7.979088000000001,5.6409139999999995,0.4374326,0.686232
-12.957455999999999,-7.979088000000001,5.6409139999999995,0.4374326,0.686232
-12.957455999999999,-7.979088000000001,5.6409139999999995,0.4374326,0.686232
-12.957455999999999,-7.979088000000001,5.6409139999999995,0.4374326,0.686232
-12.957455999999999,-7.979088000000001,5.6409139999999995,0.4374326,0.686232
-12.957455999999999,-7.979088000000001,5.6409139999999995,0.4374326,0.686232
-12.957455999999999,-7.979088000000001,5.6409139999999995,0.4374326,0.686232
-12.957455999999999,-7.979088000000001,5.6409139999999995,0.4374326,0.686232
-12.957455999999999,-7.979088000000001,5.6409139999999995,0.4374326,0.686232
-12.957455999999999,-7.979088000000001,5.6409139999999995,0.4374326,0.686232
-12.957455999999999,-7.979088000000001,5.6409139999999995,0.4374326,0.686232
-12.957455999999999,-7.979088000000001,5.6409139999999995,0.4374326,0.686232
-12.957455999999999,-7.979088000000001,5.6409139999999995,0.4374326,0.686232
-12.957455999999999,-7.979088000000001,5.6409139999999995,0.4374326,0.686232
-12.957455999999999,-7.979088000000001,5.6409139999999995,0.4374326,0.686232
-12.957455999999999,-7.979088000000001,5.6409139999999995,0.4374326,0.686232
-12.957455999999999,-7.979088000000001,5.6409139999999995,0.4374326,0.686232
-12.957455999999999,-7.979088000000001,5.6409139999999995,0.4374326,0.686232
-12.957455999999999,-7.979088000000001,5.6409139999999995,0.4374326,0.686232
-12.957455999999999,-7.979088000000001,5.6409139999999995,0.4374326,0.686232
-1.71547,0.0633819,3.42011,-0.979458,-0.868482
-1.71547,0.0633819,3.42011,-0.979458,-0.868482
-1.71547,0.0633819,3.42011,-0.979458,-0.868482
-1.71547,0.0633819,3.42011,-0.979458,-0.868482
-1.71547,0.0633819,3.42011,-0.979458,-0.868482
-1.71547,0.0633819,3.42011,-0.979458,-0.868482
-1.71547,0.0633819,3.42011,-0.979458,-0.868482
-1.71547,0.0633819,3.42011,-0.979458,-0.868482
-1.71547,0.0633819,3.42011,-0.979458,-0.868482
-1.71547,0.0633819,3.42011,-0.979458,-0.868482
-1.71547,0.0633819,3.42011,-0.979458,-0.868482
-1.71547,0.0633819,3.42011,-0.979458,-0.868482
-1.71547,0.0633819,3.42011,-0.979458,-0.868482
-1.71547,0.0633819,3.42011,-0.979458,-0.868482
-1.71547,0.0633819,3.42011,-0.979458,-0.868482
-1.71547,0.0633819,3.42011,-0.979458,-0.868482
-1.71547,0.0633819,3.42011,-0.979458,-0.868482
-1.71547,0.0633819,3.42011,-0.979458,-0.868482
-1.71547,0.0633819,3.42011,-0.979458,-0.868482
-1.71547,0.0633819,3.42011,-0.979458,-0.868482
-1.71547,0.0633819,3.42011,-0.979458,-0.868482
-1.71547,0.0633819,3.42011,-0.979458,-0.868482
-1.71547,0.0633819,3.42011,-0.979458,-0.868482
-1.71547,0.0633819,3.42011,-0.979458,-0.868482
-1.71547,0.0633819,3.42011,-0.979458,-0.868482
-1.71547,0.0633819,3.42011,-0.979458,-0.868482
-1.71547,0.0633819,3.42011,-0.979458,-0.868482
-1.71547,0.0633819,3.42011,-0.979458,-0.868482
-1.71547,0.0633819,3.42011,-0.979458,-0.868482
-1.71547,0.0633819,3.42011,-0.979458,-0.868482
-1.71547,0.0633819,3.42011,-0.979458,-0.868482
-1.71547,0.0633819,3.42011,-0.979458,-0.868482
-1.71547,0.0633819,3.42011,-0.979458,-0.868482
-1.71547,0.0633819,3.42011,-0.979458,-0.868482
-1.71547,0.0633819,3.42011,-0.979458,-0.868482
-1.71547,0.0633819,3.42011,-0.979458,-0.868482
-1.71547,0.0633819,3.42011,-0.979458,-0.868482
-1.71547,0.0633819,3.42011,-0.979458,-0.868482
-1.71547,0.0633819,3.42011,-0.979458,-0.868482
-1.71547,0.0633819,3.42011,-0.979458,-0.868482
-1.71547,0.0633819,3.42011,-0.979458,-0.868482
-1.71547,0.0633819,3.42011,-0.979458,-0.868482
-1.71547,0.0633819,3.42011,-0.979458,-0.868482
-1.71547,0.0633819,3.42011,-0.979458,-0.868482
-1.71547,0.0633819,3.42011,-0.979458,-0.868482
-1.71547,0.0633819,3.42011,-0.979458,-0.868482
-1.71547,0.0633819,3.42011,-0.979458,-0.868482
-1.71547,0.0633819,3.42011,-0.979458,-0.868482
-1.71547,0.0633819,3.42011,-0.979458,-0.868482
-1.71547,0.0633819,3.42011,-0.979458,-0.868482
-1.71547,0.0633819,3.42011,-0.979458,-0.868482
-1.71547,0.0633819,3.42011,-0.979458,-0.868482
-1.71547,0.0633819,3.42011,-0.979458,-0.868482
-1.71547,0.0633819,3.42011,-0.979458,-0.868482
-1.71547,0.0633819,3.42011,-0.979458,-0.868482
-1.71547,0.0633819,3.42011,-0.979458,-0.868482
-1.71547,0.0633819,3.42011,-0.979458,-0.868482
-1.71547,0.0633819,3.42011,-0.979458,-0.868482
-1.71547,0.0633819,3.42011,-0.979458,-0.868482
-1.71547,0.0633819,3.42011,-0.979458,-0.868482
-1.71547,0.0633819,3.42011,-0.979458,-0.868482
-1.71547,0.0633819,3.42011,-0.979458,-0.868482
-1.71547,0.0633819,3.42011,-0.979458,-0.868482
-1.71547,0.0633819,3.42011,-0.979458,-0.868482
-1.71547,0.0633819,3.42011,-0.979458,-0.868482
-1.71547,0.0633819,3.42011,-0.979458,-0.868482
-1.71547,0.0633819,3.42011,-0.979458,-0.868482
-1.71547,0.0633819,3.42011,-0.979458,-0.868482
-1.71547,0.0633819,3.42011,-0.979458,-0.868482
-1.71547,0.0633819,3.42011,-0.979458,-0.868482
-1.71547,0.0633819,3.42011,-0.979458,-0.868482
-1.71547,0.0633819,3.42011,-0.979458,-0.868482
-1.71547,0.0633819,3.42011,-0.979458,-0.868482
-1.71547,0.0633819,3.42011,-0.979458,-0.868482
-1.71547,0.0633819,3.42011,-0.979458,-0.868482
-1.71547,0.0633819,3.42011,-0.979458,-0.868482
-1.71547,0.0633819,3.42011,-0.979458,-0.868482
-1.71547,0.0633819,3.42011,-0.979458,-0.868482
-1.71547,0.0633819,3.42011,-0.979458,-0.868482
-1.71547,0.0633819,3.42011,-0.979458,-0.868482
-1.71547,0.0633819,3.42011,-0.979458,-0.868482
-1.71547,0.0633819,3.42011,-0.979458,-0.868482
-1.71547,0.0633819,3.42011,-0.979458,-0.868482
-1.71547,0.0633819,3.42011,-0.979458,-0.868482
-1.71547,0.0633819,3.42011,-0.979458,-0.868482
-1.71547,0.0633819,3.42011,-0.979458,-0.868482
-1.71547,0.0633819,3.42011,-0.979458,-0.868482
-1.71547,0.0633819,3.42011,-0.979458,-0.868482
-1.71547,0.0633819,3.42011,-0.979458,-0.868482
-1.71547,0.0633819,3.42011,-0.979458,-0.868482
-1.71547,0.0633819,3.42011,-0.979458,-0.868482
-1.71547,0.0633819,3.42011,-0.979458,-0.868482
-1.71547,0.0633819,3.42011,-0.979458,-0.868482
-1.71547,0.0633819,3.42011,-0.979458,-0.868482
-1.71547,0.0633819,3.42011,-0.979458,-0.868482
-1.71547,0.0633819,3.42011,-0.979458,-0.868482
-1.71547,0.0633819,3.42011,-0.979458,-0.868482
-1.71547,0.0633819,3.42011,-0.979458,-0.868482
-1.71547,0.0633819,3.42011,-0.979458,-0.868482
-1.71547,0.0633819,3.42011,-0.979458,-0.868482
-1.71547,0.0633819,3.42011,-0.979458,-0.868482
-1.71547,0.0633819,3.42011,-0.979458,-0.868482
-1.71547,0.0633819,3.42011,-0.979458,-0.868482
-1.71547,0.0633819,3.42011,-0.979458,-0.868482
-1.71547,0.0633819,3.42011,-0.979458,-0.868482
-1.71547,0.0633819,3.42011,-0.979458,-0.868482
-1.71547,0.0633819,3.42011,-0.979458,-0.868482
-1.71547,0.0633819,3.42011,-0.979458,-0.868482
-1.71547,0.0633819,3.42011,-0.979458,-0.868482
-1.71547,0.0633819,3.42011,-0.979458,-0.868482
-1.51934,-1.85536,-3.24116,-1.75699,-1.23666
-1.51934,-1.85536,-3.24116,-1.75699,-1.23666
-1.51934,-1.85536,-3.24116,-1.75699,-1.23666
-1.51934,-1.85536,-3.24116,-1.75699,-1.23666
-1.51934,-1.85536,-3.24116,-1.75699,-1.23666
-1.51934,-1.85536,-3.24116,-1.75699,-1.23666
-1.51934,-1.85536,-3.24116,-1.75699,-1.23666
-1.51934,-1.85536,-3.24116,-1.75699,-1.23666
-1.51934,-1.85536,-3.24116,-1.75699,-1.23666
-1.51934,-1.85536,-3.24116,-1.75699,-1.23666
-1.51934,-1.85536,-3.24116,-1.75699,-1.23666
-1.51934,-1.85536,-3.24116,-1.75699,-1.23666
-1.51934,-1.85536,-3.24116,-1.75699,-1.23666
-1.51934,-1.85536,-3.24116,-1.75699,-1.23666
-1.51934,-1.85536,-3.24116,-1.75699,-1.23666
-1.51934,-1.85536,-3.24116,-1.75699,-1.23666
-1.51934,-1.85536,-3.24116,-1.75699,-1.23666
-1.51934,-1.85536,-3.24116,-1.75699,-1.23666
-1.51934,-1.85536,-3.24116,-1.75699,-1.23666
-1.51934,-1.85536,-3.24116,-1.75699,-1.23666
-1.51934,-1.85536,-3.24116,-1.75699,-1.23666
-1.51934,-1.85536,-3.24116,-1.75699,-1.23666
-1.51934,-1.85536,-3.24116,-1.75699,-1.23666
-1.51934,-1.85536,-3.24116,-1.75699,-1.23666
-1.51934,-1.85536,-3.24116,-1.75699,-1.23666
-1.51934,-1.85536,-3.24116,-1.75699,-1.23666
-1.51934,-1.85536,-3.24116,-1.75699,-1.23666
-1.51934,-1.85536,-3.24116,-1.75699,-1.23666
-1.51934,-1.85536,-3.24116,-1.75699,-1.23666
-1.51934,-1.85536,-3.24116,-1.75699,-1.23666
-1.51934,-1.85536,-3.24116,-1.75699,-1.23666
-1.51934,-1.85536,-3.24116,-1.75699,-1.23666
-1.51934,-1.85536,-3.24116,-1.75699,-1.23666
-1.51934,-1.85536,-3.24116,-1.75699,-1.23666
-1.51934,-1.85536,-3.24116,-1.75699,-1.23666
-1.51934,-1.85536,-3.24116,-1.75699,-1.23666
-1.51934,-1.85536,-3.24116,-1.75699,-1.23666
-1.51934,-1.85536,-3.24116,-1.75699,-1.23666
-1.51934,-1.85536,-3.24116,-1.75699,-1.23666
-1.51934,-1.85536,-3.24116,-1.75699,-1.23666
-1.51934,-1.85536,-3.24116,-1.75699,-1.23666
-1.51934,-1.85536,-3.24116,-1.75699,-1.23666
-1.51934,-1.85536,-3.24116,-1.75699,-1.23666
-1.51934,-1.85536,-3.24116,-1.75699,-1.23666
-1.51934,-1.85536,-3.24116,-1.75699,-1.23666
-1.51934,-1.85536,-3.24116,-1.75699,-1.23666
-1.51934,-1.85536,-3.24116,-1.75699,-1.23666
-1.51934,-1.85536,-3.24116,-1.75699,-1.23666
-1.51934,-1.85536,-3.24116,-1.75699,-1.23666
-1.51934,-1.85536,-3.24116,-1.75699,-1.23666
-1.51934,-1.85536,-3.24116,-1.75699,-1.23666
-1.51934,-1.85536,-3.24116,-1.75699,-1.23666
-1.51934,-1.85536,-3.24116,-1.75699,-1.23666
-1.51934,-1.85536,-3.24116,-1.75699,-1.23666
-1.51934,-1.85536,-3.24116,-1.75699,-1.23666
-1.51934,-1.85536,-3.24116,-1.75699,-1.23666
-1.51934,-1.85536,-3.24116,-1.75699,-1.23666
-1.51934,-1.85536,-3.24116,-1.75699,-1.23666
-1.51934,-1.85536,-3.24116,-1.75699,-1.23666
-1.51934,-1.85536,-3.24116,-1.75699,-1.23666
-1.51934,-1.85536,-3.24116,-1.75699,-1.23666
-1.51934,-1.85536,-3.24116,-1.75699,-1.23666
-1.51934,-1.85536,-3.24116,-1.75699,-1.23666
-1.51934,-1.85536,-3.24116,-1.75699,-1.23666
-1.51934,-1.85536,-3.24116,-1.75699,-1.23666
-1.51934,-1.85536,-3.24116,-1.75699,-1.23666
-1.51934,-1.85536,-3.24116,-1.75699,-1.23666
-1.51934,-1.85536,-3.24116,-1.75699,-1.23666
-1.51934,-1.85536,-3.24116,-1.75699,-1.23666
-1.51934,-1.85536,-3.24116,-1.75699,-1.23666
-1.51934,-1.85536,-3.24116,-1.75699,-1.23666
-1.51934,-1.85536,-3.24116,-1.75699,-1.23666
-1.51934,-1.85536,-3.24116,-1.75699,-1.23666
-1.51934,-1.85536,-3.24116,-1.75699,-1.23666
-1.51934,-1.85536,-3.24116,-1.75699,-1.23666
-1.51934,-1.85536,-3.24116,-1.75699,-1.23666
-1.51934,-1.85536,-3.24116,-1.75699,-1.23666
-1.51934,-1.85536,-3.24116,-1.75699,-1.23666
-1.51934,-1.85536,-3.24116,-1.75699,-1.23666
-1.51934,-1.85536,-3.24116,-1.75699,-1.23666
-1.51934,-1.85536,-3.24116,-1.75699,-1.23666
-1.51934,-1.85536,-3.24116,-1.75699,-1.23666
-1.51934,-1.85536,-3.24116,-1.75699,-1.23666
-1.51934,-1.85536,-3.24116,-1.75699,-1.23666
-1.51934,-1.85536,-3.24116,-1.75699,-1.23666
-1.51934,-1.85536,-3.24116,-1.75699,-1.23666
-1.51934,-1.85536,-3.24116,-1.75699,-1.23666
-1.51934,-1.85536,-3.24116,-1.75699,-1.23666
-1.51934,-1.85536,-3.24116,-1.75699,-1.23666
-1.51934,-1.85536,-3.24116,-1.75699,-1.23666
-1.51934,-1.85536,-3.24116,-1.75699,-1.23666
-1.51934,-1.85536,-3.24116,-1.75699,-1.23666
-1.51934,-1.85536,-3.24116,-1.75699,-1.23666
-1.51934,-1.85536,-3.24116,-1.75699,-1.23666
-1.51934,-1.85536,-3.24116,-1.75699,-1.23666
-1.51934,-1.85536,-3.24116,-1.75699,-1.23666
-1.51934,-1.85536,-3.24116,-1.75699,-1.23666
-1.51934,-1.85536,-3.24116,-1.75699,-1.23666
-1.51934,-1.85536,-3.24116,-1.75699,-1.23666
-1.51934,-1.85536,-3.24116,-1.75699,-1.23666
-1.51934,-1.85536,-3.24116,-1.75699,-1.23666
-1.51934,-1.85536,-3.24116,-1.75699,-1.23666
-1.51934,-1.85536,-3.24116,-1.75699,-1.23666
-1.51934,-1.85536,-3.24116,-1.75699,-1.23666
-1.51934,-1.85536,-3.24116,-1.75699,-1.23666
-1.51934,-1.85536,-3.24116,-1.75699,-1.23666
-1.51934,-1.85536,-3.24116,-1.75699,-1.23666
-1.51934,-1.85536,-3.24116,-1.75699,-1.23666
-1.51934,-1.85536,-3.24116,-1.75699,-1.23666
-1.51934,-1.85536,-3.24116,-1.75699,-1.23666
-1.51934,-1.85536,-3.24116,-1.75699,-1.23666
-1.51934,-1.85536,-3.24116,-1.75699,-1.23666
-1.51934,-1.85536,-3.24116,-1.75699,-1.23666
-1.51934,-1.85536,-3.24116,-1.75699,-1.23666
-1.51934,-1.85536,-3.24116,-1.75699,-1.23666
-1.51934,-1.85536,-3.24116,-1.75699,-1.23666
-1.51934,-1.85536,-3.24116,-1.75699,-1.23666
-1.51934,-1.85536,-3.24116,-1.75699,-1.23666
-1.51934,-1.85536,-3.24116,-1.75699,-1.23666
-1.51934,-1.85536,-3.24116,-1.75699,-1.23666
-1.51934,-1.85536,-3.24116,-1.75699,-1.23666
-1.51934,-1.85536,-3.24116,-1.75699,-1.23666
-1.51934,-1.85536,-3.24116,-1.75699,-1.23666
-1.51934,-1.85536,-3.24116,-1.75699,-1.23666
-1.51934,-1.85536,-3.24116,-1.75699,-1.23666
-1.51934,-1.85536,-3.24116,-1.75699,-1.23666
-1.51934,-1.85536,-3.24116,-1.75699,-1.23666
-0.649342,-1.50367,-2.24681,-2.20261,1.0132
-0.649342,-1.50367,-2.24681,-2.20261,1.0132
-0.649342,-1.50367,-2.24681,-2.20261,1.0132
-0.649342,-1.50367,-2.24681,-2.20261,1.0132
-0.649342,-1.50367,-2.24681,-2.20261,1.0132
-0.649342,-1.50367,-2.24681,-2.20261,1.0132
-0.649342,-1.50367,-2.24681,-2.20261,1.0132
-0.649342,-1.50367,-2.24681,-2.20261,1.0132
-0.649342,-1.50367,-2.24681,-2.20261,1.0132
-0.649342,-1.50367,-2.24681,-2.20261,1.0132
-0.649342,-1.50367,-2.24681,-2.20261,1.0132
-0.649342,-1.50367,-2.24681,-2.20261,1.0132
-0.649342,-1.50367,-2.24681,-2.20261,1.0132
-0.649342,-1.50367,-2.24681,-2.20261,1.0132
-0.649342,-1.50367,-2.24681,-2.20261,1.0132
-0.649342,-1.50367,-2.24681,-2.20261,1.0132
-0.649342,-1.50367,-2.24681,-2.20261,1.0132
-0.649342,-1.50367,-2.24681,-2.20261,1.0132
-0.649342,-1.50367,-2.24681,-2.20261,1.0132
-0.649342,-1.50367,-2.24681,-2.20261,1.0132
-0.649342,-1.50367,-2.24681,-2.20261,1.0132
-0.649342,-1.50367,-2.24681,-2.20261,1.0132
-0.649342,-1.50367,-2.24681,-2.20261,1.0132
-0.649342,-1.50367,-2.24681,-2.20261,1.0132
-0.649342,-1.50367,-2.24681,-2.20261,1.0132
-0.649342,-1.50367,-2.24681,-2.20261,1.0132
-0.649342,-1.50367,-2.24681,-2.20261,1.0132
-0.649342,-1.50367,-2.24681,-2.20261,1.0132
-0.649342,-1.50367,-2.24681,-2.20261,1.0132
-0.649342,-1.50367,-2.24681,-2.20261,1.0132
-0.649342,-1.50367,-2.24681,-2.20261,1.0132
-0.649342,-1.50367,-2.24681,-2.20261,1.0132
-0.649342,-1.50367,-2.24681,-2.20261,1.0132
-0.649342,-1.50367,-2.24681,-2.20261,1.0132
-0.649342,-1.50367,-2.24681,-2.20261,1.0132
-0.649342,-1.50367,-2.24681,-2.20261,1.0132
-1.47901,-1.118,-3.00926,-1.40615,0.410937
-1.47901,-1.118,-3.00926,-1.40615,0.410937
-1.47901,-1.118,-3.00926,-1.40615,0.410937
-1.47901,-1.118,-3.00926,-1.40615,0.410937
-1.47901,-1.118,-3.00926,-1.40615,0.410937
-1.47901,-1.118,-3.00926,-1.40615,0.410937
-1.47901,-1.118,-3.00926,-1.40615,0.410937
-1.47901,-1.118,-3.00926,-1.40615,0.410937
-1.47901,-1.118,-3.00926,-1.40615,0.410937
-1.47901,-1.118,-3.00926,-1.40615,0.410937
-1.47901,-1.118,-3.00926,-1.40615,0.410937
-1.47901,-1.118,-3.00926,-1.40615,0.410937
-1.47901,-1.118,-3.00926,-1.40615,0.410937
-1.47901,-1.118,-3.00926,-1.40615,0.410937
-1.47901,-1.118,-3.00926,-1.40615,0.410937
-1.47901,-1.118,-3.00926,-1.40615,0.410937
-1.47901,-1.118,-3.00926,-1.40615,0.410937
-1.47901,-1.118,-3.00926,-1.40615,0.410937
-1.47901,-1.118,-3.00926,-1.40615,0.410937
-1.47901,-1.118,-3.00926,-1.40615,0.410937
-1.47901,-1.118,-3.00926,-1.40615,0.410937
-1.47901,-1.118,-3.00926,-1.40615,0.410937
-1.47901,-1.118,-3.00926,-1.40615,0.410937
-1.47901,-1.118,-3.00926,-1.40615,0.410937
-1.47901,-1.118,-3.00926,-1.40615,0.410937
-1.47901,-1.118,-3.00926,-1.40615,0.410937
-1.47901,-1.118,-3.00926,-1.40615,0.410937
-1.47901,-1.118,-3.00926,-1.40615,0.410937
-1.47901,-1.118,-3.00926,-1.40615,0.410937
-1.47901,-1.118,-3.00926,-1.40615,0.410937
-1.47901,-1.118,-3.00926,-1.40615,0.410937
-1.47901,-1.118,-3.00926,-1.40615,0.410937
-1.47901,-1.118,-3.00926,-1.40615,0.410937
-1.47901,-1.118,-3.00926,-1.40615,0.410937
-0.567427,-2.58546,-1.60665,-2.29901,1.54198
-0.567427,-2.58546,-1.60665,-2.29901,1.54198
-0.567427,-2.58546,-1.60665,-2.29901,1.54198
-0.567427,-2.58546,-1.60665,-2.29901,1.54198
-0.567427,-2.58546,-1.60665,-2.29901,1.54198
-0.567427,-2.58546,-1.60665,-2.29901,1.54198
-0.567427,-2.58546,-1.60665,-2.29901,1.54198
-0.567427,-2.58546,-1.60665,-2.29901,1.54198
-0.567427,-2.58546,-1.60665,-2.29901,1.54198
-0.567427,-2.58546,-1.60665,-2.29901,1.54198
-0.567427,-2.58546,-1.60665,-2.29901,1.54198
-0.567427,-2.58546,-1.60665,-2.29901,1.54198
-0.567427,-2.58546,-1.60665,-2.29901,1.54198
-0.567427,-2.58546,-1.60665,-2.29901,1.54198
-0.567427,-2.58546,-1.60665,-2.29901,1.54198
-0.567427,-2.58546,-1.60665,-2.29901,1.54198
-0.567427,-2.58546,-1.60665,-2.29901,1.54198
-0.567427,-2.58546,-1.60665,-2.29901,1.54198
-0.567427,-2.58546,-1.60665,-2.29901,1.54198
-0.567427,-2.58546,-1.60665,-2.29901,1.54198
-0.567427,-2.58546,-1.60665,-2.29901,1.54198
-0.567427,-2.58546,-1.60665,-2.29901,1.54198
-0.567427,-2.58546,-1.60665,-2.29901,1.54198
-0.567427,-2.58546,-1.60665,-2.29901,1.54198
-0.567427,-2.58546,-1.60665,-2.29901,1.54198
-0.567427,-2.58546,-1.60665,-2.29901,1.54198
-0.567427,-2.58546,-1.60665,-2.29901,1.54198
-0.567427,-2.58546,-1.60665,-2.29901,1.54198
-0.567427,-2.58546,-1.60665,-2.29901,1.54198
-0.567427,-2.58546,-1.60665,-2.29901,1.54198
-0.567427,-2.58546,-1.60665,-2.29901,1.54198
-0.567427,-2.58546,-1.60665,-2.29901,1.54198
-0.567427,-2.58546,-1.60665,-2.29901,1.54198
-0.567427,-2.58546,-1.60665,-2.29901,1.54198
-0.567427,-2.58546,-1.60665,-2.29901,1.54198
-0.567427,-2.58546,-1.60665,-2.29901,1.54198
-1.7406,0.8075,-0.364763,-0.350021,1.82471
-1.7406,0.8075,-0.364763,-0.350021,1.82471
-1.7406,0.8075,-0.364763,-0.350021,1.82471
-1.7406,0.8075,-0.364763,-0.350021,1.82471
-1.7406,0.8075,-0.364763,-0.350021,1.82471
-1.7406,0.8075,-0.364763,-0.350021,1.82471
-1.7406,0.8075,-0.364763,-0.350021,1.82471
-1.7406,0.8075,-0.364763,-0.350021,1.82471
-1.7406,0.8075,-0.364763,-0.350021,1.82471
-1.7406,0.8075,-0.364763,-0.350021,1.82471
-1.7406,0.8075,-0.364763,-0.350021,1.82471
-1.7406,0.8075,-0.364763,-0.350021,1.82471
-1.7406,0.8075,-0.364763,-0.350021,1.82471
-1.7406,0.8075,-0.364763,-0.350021,1.82471
-1.7406,0.8075,-0.364763,-0.350021,1.82471
-1.7406,0.8075,-0.364763,-0.350021,1.82471
-1.7406,0.8075,-0.364763,-0.350021,1.82471
-1.7406,0.8075,-0.364763,-0.350021,1.82471
-1.7406,0.8075,-0.364763,-0.350021,1.82471
-1.7406,0.8075,-0.364763,-0.350021,1.82471
-1.7406,0.8075,-0.364763,-0.350021,1.82471
-1.7406,0.8075,-0.364763,-0.350021,1.82471
-1.7406,0.8075,-0.364763,-0.350021,1.82471
-1.7406,0.8075,-0.364763,-0.350021,1.82471
-1.7406,0.8075,-0.364763,-0.350021,1.82471
-1.7406,0.8075,-0.364763,-0.350021,1.82471
-1.7406,0.8075,-0.364763,-0.350021,1.82471
-1.7406,0.8075,-0.364763,-0.350021,1.82471
-1.7406,0.8075,-0.364763,-0.350021,1.82471
-1.7406,0.8075,-0.364763,-0.350021,1.82471
-1.7406,0.8075,-0.364763,-0.350021,1.82471
-1.7406,0.8075,-0.364763,-0.350021,1.82471
-1.7406,0.8075,-0.364763,-0.350021,1.82471
-1.7406,0.8075,-0.364763,-0.350021,1.82471
-1.7406,0.8075,-0.364763,-0.350021,1.82471
